NB_SCATS_SITE,date,V00_0,V01_0,V02_0,V03_0,V04_0,V05_0,V06_0,V07_0,V08_0,V09_0,V10_0,V11_0,V12_0,V13_0,V14_0,V15_0,V16_0,V17_0,V18_0,V19_0,V20_0,V21_0,V22_0,V23_0,V24_0,V25_0,V26_0,V27_0,V28_0,V29_0,V30_0,V31_0,V32_0,V33_0,V34_0,V35_0,V36_0,V37_0,V38_0,V39_0,V40_0,V41_0,V42_0,V43_0,V44_0,V45_0,V46_0,V47_0,V48_0,V49_0,V50_0,V51_0,V52_0,V53_0,V54_0,V55_0,V56_0,V57_0,V58_0,V59_0,V60_0,V61_0,V62_0,V63_0,V64_0,V65_0,V66_0,V67_0,V68_0,V69_0,V70_0,V71_0,V72_0,V73_0,V74_0,V75_0,V76_0,V77_0,V78_0,V79_0,V80_0,V81_0,V82_0,V83_0,V84_0,V85_0,V86_0,V87_0,V88_0,V89_0,V90_0,V91_0,V92_0,V93_0,V94_0,V95_0
100,2024-01-01,57.0,162.0,156.0,190.0,171.0,155.0,174.0,179.0,106.0,112.0,90.0,62.0,66.0,73.0,51.0,36.0,37.0,29.0,22.0,34.0,26.0,31.0,37.0,54.0,39.0,50.0,53.0,65.0,70.0,62.0,73.0,78.0,69.0,93.0,98.0,97.0,102.0,116.0,153.0,176.0,158.0,197.0,191.0,228.0,201.0,240.0,270.0,224.0,300.0,239.0,275.0,240.0,255.0,256.0,229.0,263.0,271.0,245.0,276.0,227.0,311.0,275.0,247.0,233.0,247.0,241.0,222.0,233.0,236.0,254.0,227.0,234.0,203.0,161.0,172.0,162.0,153.0,138.0,169.0,140.0,145.0,150.0,149.0,166.0,132.0,171.0,141.0,131.0,129.0,119.0,100.0,97.0,85.0,65.0,53.0,50.0
100,2024-01-02,51.0,45.0,42.0,34.0,26.0,18.0,23.0,16.0,29.0,19.0,9.0,12.0,12.0,13.0,15.0,17.0,5.0,12.0,20.0,24.0,36.0,27.0,60.0,76.0,78.0,67.0,127.0,122.0,134.0,167.0,192.0,178.0,228.0,222.0,232.0,241.0,198.0,201.0,239.0,271.0,271.0,272.0,265.0,318.0,276.0,317.0,313.0,318.0,331.0,341.0,323.0,345.0,343.0,301.0,338.0,343.0,316.0,348.0,358.0,319.0,367.0,372.0,382.0,391.0,385.0,374.0,336.0,353.0,385.0,361.0,327.0,320.0,291.0,225.0,207.0,183.0,196.0,163.0,156.0,143.0,151.0,144.0,150.0,115.0,125.0,140.0,127.0,121.0,118.0,97.0,100.0,84.0,87.0,80.0,66.0,63.0
100,2024-01-03,54.0,47.0,27.0,26.0,20.0,21.0,17.0,12.0,18.0,12.0,14.0,11.0,4.0,9.0,8.0,13.0,10.0,11.0,26.0,25.0,24.0,24.0,58.0,76.0,60.0,88.0,128.0,146.0,113.0,169.0,197.0,213.0,229.0,246.0,234.0,259.0,226.0,221.0,244.0,253.0,252.0,280.0,261.0,291.0,300.0,309.0,319.0,323.0,354.0,311.0,333.0,332.0,339.0,325.0,341.0,353.0,335.0,333.0,349.0,373.0,354.0,404.0,384.0,368.0,398.0,408.0,377.0,414.0,452.0,460.0,421.0,393.0,373.0,315.0,246.0,242.0,208.0,190.0,182.0,168.0,171.0,192.0,181.0,156.0,164.0,166.0,152.0,144.0,171.0,120.0,114.0,119.0,77.0,105.0,67.0,62.0
100,2024-01-04,48.0,48.0,37.0,22.0,30.0,23.0,23.0,20.0,23.0,18.0,13.0,16.0,9.0,7.0,16.0,5.0,14.0,15.0,22.0,23.0,26.0,38.0,64.0,74.0,81.0,98.0,139.0,141.0,120.0,172.0,210.0,256.0,220.0,255.0,250.0,251.0,244.0,264.0,278.0,303.0,271.0,290.0,322.0,299.0,321.0,325.0,369.0,357.0,354.0,355.0,387.0,316.0,299.0,329.0,317.0,366.0,344.0,377.0,370.0,362.0,356.0,391.0,404.0,361.0,356.0,456.0,446.0,442.0,446.0,508.0,464.0,418.0,349.0,308.0,290.0,260.0,257.0,226.0,222.0,214.0,198.0,231.0,171.0,175.0,230.0,175.0,191.0,160.0,177.0,135.0,132.0,132.0,98.0,89.0,78.0,53.0
100,2024-01-05,46.0,46.0,41.0,28.0,31.0,36.0,21.0,21.0,34.0,11.0,16.0,16.0,13.0,8.0,10.0,16.0,7.0,21.0,17.0,30.0,26.0,36.0,70.0,74.0,63.0,102.0,150.0,141.0,118.0,173.0,212.0,215.0,241.0,247.0,268.0,267.0,258.0,257.0,281.0,300.0,290.0,262.0,308.0,333.0,342.0,330.0,377.0,343.0,341.0,385.0,339.0,386.0,364.0,329.0,372.0,363.0,352.0,322.0,400.0,382.0,398.0,414.0,376.0,360.0,386.0,403.0,407.0,405.0,414.0,420.0,402.0,388.0,293.0,341.0,250.0,247.0,253.0,222.0,229.0,205.0,160.0,203.0,178.0,156.0,203.0,235.0,161.0,187.0,199.0,167.0,149.0,148.0,101.0,109.0,84.0,85.0
101,2024-01-01,23.0,65.0,82.0,77.0,49.0,63.0,51.0,50.0,34.0,28.0,42.0,20.0,17.0,23.0,9.0,13.0,14.0,17.0,8.0,9.0,7.0,8.0,14.0,15.0,11.0,19.0,16.0,24.0,26.0,21.0,18.0,33.0,37.0,32.0,42.0,61.0,61.0,69.0,69.0,97.0,84.0,116.0,135.0,142.0,143.0,164.0,153.0,186.0,200.0,214.0,218.0,252.0,177.0,200.0,180.0,207.0,208.0,215.0,193.0,195.0,188.0,172.0,167.0,165.0,189.0,167.0,150.0,166.0,134.0,163.0,143.0,148.0,141.0,152.0,170.0,121.0,110.0,96.0,116.0,120.0,99.0,83.0,85.0,88.0,85.0,64.0,65.0,59.0,44.0,33.0,31.0,26.0,20.0,18.0,19.0,15.0
101,2024-01-02,11.0,11.0,10.0,6.0,17.0,10.0,9.0,11.0,7.0,12.0,4.0,11.0,6.0,4.0,5.0,7.0,5.0,14.0,19.0,22.0,16.0,18.0,32.0,40.0,39.0,63.0,55.0,82.0,86.0,79.0,92.0,133.0,123.0,123.0,132.0,171.0,158.0,172.0,165.0,181.0,192.0,208.0,242.0,236.0,231.0,219.0,248.0,258.0,264.0,256.0,270.0,285.0,283.0,239.0,266.0,291.0,260.0,251.0,259.0,259.0,291.0,262.0,305.0,264.0,284.0,212.0,222.0,214.0,225.0,190.0,188.0,168.0,163.0,150.0,121.0,120.0,96.0,106.0,100.0,92.0,73.0,63.0,66.0,68.0,63.0,68.0,50.0,52.0,55.0,37.0,36.0,26.0,20.0,18.0,21.0,22.0
101,2024-01-03,16.0,18.0,15.0,10.0,26.0,7.0,10.0,14.0,6.0,12.0,4.0,9.0,5.0,7.0,10.0,11.0,9.0,17.0,15.0,16.0,28.0,23.0,35.0,56.0,55.0,61.0,68.0,86.0,93.0,95.0,108.0,143.0,126.0,126.0,151.0,164.0,155.0,167.0,170.0,180.0,204.0,239.0,242.0,238.0,203.0,228.0,240.0,265.0,300.0,258.0,262.0,256.0,231.0,222.0,225.0,253.0,237.0,256.0,261.0,280.0,254.0,293.0,269.0,250.0,259.0,268.0,275.0,276.0,261.0,299.0,247.0,258.0,229.0,203.0,162.0,137.0,144.0,136.0,127.0,122.0,122.0,96.0,91.0,90.0,97.0,61.0,65.0,54.0,57.0,50.0,42.0,31.0,26.0,23.0,27.0,21.0
101,2024-01-04,26.0,14.0,13.0,7.0,16.0,9.0,11.0,14.0,10.0,13.0,8.0,5.0,7.0,7.0,8.0,5.0,7.0,13.0,18.0,14.0,19.0,27.0,32.0,59.0,58.0,62.0,68.0,91.0,93.0,93.0,94.0,161.0,138.0,134.0,131.0,163.0,156.0,186.0,219.0,181.0,196.0,222.0,358.0,258.0,274.0,247.0,256.0,267.0,273.0,263.0,339.0,274.0,281.0,289.0,290.0,275.0,270.0,280.0,288.0,269.0,295.0,252.0,257.0,267.0,317.0,287.0,327.0,291.0,286.0,300.0,231.0,247.0,229.0,187.0,172.0,148.0,159.0,143.0,127.0,137.0,143.0,112.0,100.0,76.0,116.0,89.0,62.0,76.0,60.0,51.0,46.0,41.0,26.0,40.0,12.0,10.0
101,2024-01-05,28.0,23.0,15.0,6.0,11.0,6.0,14.0,12.0,7.0,7.0,9.0,11.0,8.0,7.0,11.0,14.0,5.0,18.0,8.0,18.0,18.0,27.0,29.0,48.0,53.0,62.0,62.0,112.0,83.0,90.0,111.0,148.0,155.0,134.0,154.0,215.0,178.0,185.0,219.0,237.0,208.0,262.0,271.0,254.0,287.0,278.0,402.0,559.0,473.0,468.0,412.0,385.0,331.0,317.0,267.0,296.0,270.0,298.0,298.0,277.0,291.0,303.0,280.0,271.0,314.0,315.0,319.0,264.0,308.0,331.0,267.0,227.0,223.0,263.0,216.0,174.0,162.0,167.0,177.0,143.0,125.0,145.0,129.0,140.0,111.0,100.0,84.0,70.0,72.0,72.0,55.0,45.0,41.0,43.0,30.0,32.0
102,2024-01-01,51.0,96.0,110.0,117.0,93.0,80.0,69.0,74.0,41.0,46.0,38.0,43.0,35.0,29.0,25.0,15.0,14.0,22.0,29.0,23.0,18.0,19.0,30.0,49.0,45.0,43.0,60.0,49.0,54.0,97.0,90.0,95.0,101.0,113.0,97.0,163.0,202.0,231.0,238.0,271.0,293.0,370.0,347.0,402.0,422.0,433.0,496.0,526.0,487.0,556.0,519.0,540.0,556.0,466.0,526.0,499.0,538.0,539.0,504.0,520.0,519.0,482.0,411.0,430.0,522.0,445.0,453.0,431.0,418.0,401.0,349.0,364.0,315.0,308.0,252.0,237.0,243.0,228.0,227.0,187.0,224.0,190.0,174.0,167.0,149.0,118.0,99.0,129.0,99.0,99.0,82.0,67.0,63.0,35.0,30.0,31.0
102,2024-01-02,24.0,36.0,10.0,13.0,4.0,6.0,13.0,9.0,9.0,6.0,9.0,5.0,7.0,9.0,15.0,6.0,21.0,18.0,31.0,35.0,35.0,58.0,78.0,111.0,136.0,159.0,173.0,195.0,197.0,246.0,259.0,288.0,308.0,341.0,408.0,377.0,406.0,464.0,521.0,496.0,522.0,554.0,593.0,602.0,609.0,647.0,734.0,662.0,653.0,678.0,627.0,654.0,606.0,649.0,663.0,637.0,610.0,636.0,581.0,603.0,645.0,652.0,662.0,650.0,586.0,402.0,426.0,440.0,366.0,472.0,413.0,333.0,305.0,253.0,240.0,209.0,183.0,161.0,168.0,163.0,127.0,139.0,124.0,99.0,89.0,89.0,81.0,80.0,76.0,91.0,42.0,43.0,42.0,52.0,48.0,66.0
102,2024-01-03,45.0,27.0,20.0,12.0,13.0,16.0,16.0,6.0,4.0,11.0,9.0,13.0,10.0,9.0,11.0,14.0,20.0,22.0,30.0,45.0,50.0,56.0,93.0,110.0,157.0,162.0,210.0,206.0,223.0,257.0,296.0,320.0,346.0,365.0,408.0,416.0,448.0,395.0,429.0,449.0,459.0,561.0,552.0,591.0,566.0,595.0,662.0,657.0,625.0,605.0,602.0,604.0,563.0,595.0,556.0,594.0,499.0,580.0,599.0,605.0,576.0,570.0,585.0,542.0,593.0,566.0,560.0,556.0,506.0,536.0,517.0,438.0,363.0,333.0,275.0,224.0,221.0,238.0,191.0,188.0,181.0,174.0,185.0,142.0,152.0,144.0,117.0,115.0,94.0,94.0,77.0,45.0,49.0,58.0,44.0,29.0
102,2024-01-04,33.0,20.0,19.0,17.0,24.0,17.0,16.0,13.0,9.0,9.0,13.0,9.0,12.0,8.0,13.0,17.0,17.0,19.0,29.0,35.0,44.0,52.0,92.0,119.0,138.0,173.0,203.0,235.0,243.0,280.0,311.0,341.0,369.0,389.0,450.0,466.0,442.0,526.0,505.0,613.0,531.0,562.0,611.0,595.0,651.0,616.0,665.0,673.0,702.0,701.0,658.0,651.0,609.0,587.0,589.0,590.0,589.0,586.0,575.0,574.0,612.0,646.0,577.0,686.0,628.0,651.0,631.0,642.0,594.0,612.0,574.0,479.0,395.0,386.0,365.0,302.0,243.0,259.0,213.0,215.0,204.0,203.0,181.0,172.0,180.0,172.0,143.0,133.0,98.0,77.0,81.0,75.0,61.0,78.0,47.0,35.0
102,2024-01-05,29.0,21.0,24.0,26.0,15.0,14.0,17.0,10.0,16.0,13.0,8.0,10.0,10.0,7.0,16.0,11.0,17.0,22.0,40.0,37.0,59.0,57.0,106.0,130.0,135.0,187.0,227.0,230.0,212.0,304.0,305.0,325.0,353.0,380.0,448.0,507.0,468.0,512.0,566.0,559.0,554.0,631.0,676.0,644.0,652.0,673.0,743.0,679.0,722.0,704.0,707.0,693.0,646.0,645.0,669.0,635.0,663.0,712.0,680.0,629.0,741.0,709.0,667.0,697.0,657.0,652.0,543.0,623.0,559.0,599.0,496.0,478.0,415.0,353.0,317.0,304.0,248.0,252.0,213.0,220.0,203.0,212.0,206.0,201.0,171.0,197.0,155.0,148.0,130.0,114.0,119.0,98.0,76.0,91.0,60.0,44.0
103,2024-01-01,26.0,62.0,78.0,60.0,59.0,35.0,49.0,40.0,32.0,34.0,20.0,20.0,14.0,11.0,12.0,11.0,9.0,12.0,13.0,10.0,11.0,6.0,20.0,22.0,13.0,19.0,20.0,27.0,27.0,38.0,31.0,34.0,38.0,43.0,60.0,72.0,89.0,117.0,111.0,107.0,131.0,140.0,134.0,167.0,187.0,163.0,179.0,209.0,224.0,212.0,251.0,211.0,221.0,196.0,187.0,203.0,191.0,208.0,192.0,174.0,147.0,227.0,196.0,180.0,195.0,178.0,199.0,184.0,202.0,180.0,196.0,192.0,150.0,133.0,150.0,106.0,114.0,91.0,94.0,111.0,110.0,95.0,77.0,80.0,76.0,68.0,44.0,33.0,48.0,36.0,38.0,31.0,35.0,20.0,22.0,10.0
103,2024-01-02,15.0,12.0,7.0,10.0,2.0,8.0,9.0,0.0,3.0,5.0,2.0,6.0,1.0,1.0,4.0,5.0,4.0,4.0,9.0,9.0,16.0,30.0,50.0,46.0,40.0,82.0,63.0,68.0,101.0,110.0,141.0,124.0,109.0,144.0,143.0,173.0,161.0,193.0,211.0,236.0,236.0,204.0,230.0,226.0,236.0,229.0,250.0,229.0,271.0,237.0,268.0,275.0,286.0,269.0,267.0,265.0,308.0,235.0,251.0,233.0,245.0,292.0,288.0,260.0,255.0,271.0,218.0,227.0,209.0,204.0,181.0,182.0,149.0,129.0,136.0,111.0,102.0,86.0,88.0,69.0,75.0,85.0,70.0,46.0,71.0,49.0,42.0,45.0,45.0,44.0,30.0,30.0,26.0,20.0,19.0,16.0
103,2024-01-03,19.0,10.0,5.0,4.0,6.0,3.0,6.0,3.0,2.0,4.0,1.0,3.0,1.0,6.0,2.0,7.0,7.0,7.0,9.0,13.0,23.0,41.0,48.0,49.0,66.0,79.0,82.0,91.0,107.0,124.0,134.0,116.0,130.0,150.0,140.0,177.0,186.0,180.0,206.0,194.0,221.0,207.0,214.0,207.0,204.0,252.0,248.0,253.0,249.0,265.0,276.0,277.0,284.0,246.0,234.0,223.0,249.0,245.0,239.0,199.0,238.0,294.0,286.0,232.0,263.0,280.0,230.0,229.0,212.0,253.0,245.0,239.0,208.0,197.0,196.0,170.0,143.0,118.0,136.0,103.0,112.0,123.0,109.0,108.0,87.0,80.0,102.0,60.0,57.0,45.0,50.0,62.0,35.0,45.0,39.0,29.0
103,2024-01-04,13.0,14.0,10.0,7.0,20.0,11.0,4.0,3.0,4.0,5.0,3.0,7.0,5.0,3.0,5.0,7.0,4.0,8.0,11.0,6.0,18.0,35.0,55.0,47.0,47.0,75.0,81.0,93.0,104.0,128.0,148.0,131.0,131.0,146.0,184.0,180.0,188.0,205.0,184.0,236.0,209.0,234.0,228.0,239.0,249.0,228.0,264.0,287.0,271.0,246.0,284.0,302.0,268.0,271.0,248.0,258.0,269.0,269.0,242.0,286.0,275.0,262.0,297.0,282.0,274.0,267.0,279.0,250.0,247.0,261.0,259.0,246.0,228.0,225.0,193.0,168.0,168.0,155.0,153.0,137.0,116.0,103.0,132.0,115.0,114.0,113.0,68.0,75.0,80.0,73.0,50.0,51.0,46.0,41.0,32.0,23.0
103,2024-01-05,30.0,16.0,16.0,11.0,7.0,19.0,10.0,4.0,10.0,6.0,4.0,3.0,5.0,2.0,6.0,7.0,4.0,7.0,10.0,11.0,15.0,41.0,41.0,53.0,65.0,71.0,71.0,87.0,115.0,147.0,155.0,146.0,130.0,165.0,166.0,203.0,205.0,207.0,235.0,225.0,221.0,241.0,269.0,292.0,292.0,245.0,310.0,292.0,276.0,273.0,284.0,253.0,256.0,279.0,246.0,252.0,270.0,268.0,249.0,257.0,218.0,284.0,280.0,251.0,267.0,271.0,230.0,218.0,277.0,251.0,257.0,226.0,226.0,218.0,229.0,226.0,219.0,161.0,165.0,155.0,136.0,148.0,145.0,139.0,138.0,115.0,110.0,92.0,76.0,70.0,78.0,67.0,55.0,57.0,55.0,41.0
104,2024-01-01,23.0,36.0,42.0,49.0,49.0,39.0,34.0,9.0,25.0,23.0,16.0,10.0,16.0,6.0,17.0,9.0,6.0,8.0,6.0,18.0,5.0,10.0,4.0,17.0,26.0,30.0,33.0,43.0,25.0,63.0,58.0,69.0,87.0,96.0,103.0,152.0,160.0,202.0,241.0,289.0,312.0,353.0,428.0,453.0,410.0,542.0,543.0,537.0,523.0,667.0,560.0,585.0,550.0,608.0,568.0,547.0,556.0,472.0,541.0,527.0,494.0,492.0,466.0,455.0,443.0,403.0,376.0,372.0,343.0,293.0,280.0,278.0,281.0,252.0,290.0,236.0,226.0,155.0,181.0,158.0,133.0,145.0,124.0,112.0,107.0,82.0,52.0,33.0,41.0,46.0,34.0,20.0,22.0,23.0,29.0,17.0
104,2024-01-02,8.0,6.0,13.0,5.0,5.0,8.0,9.0,10.0,8.0,2.0,9.0,4.0,1.0,10.0,5.0,4.0,8.0,2.0,4.0,28.0,14.0,19.0,36.0,31.0,49.0,66.0,76.0,87.0,82.0,128.0,152.0,132.0,155.0,228.0,215.0,273.0,274.0,368.0,358.0,511.0,470.0,488.0,470.0,567.0,585.0,607.0,628.0,597.0,632.0,638.0,662.0,618.0,622.0,577.0,663.0,572.0,573.0,580.0,551.0,589.0,580.0,501.0,513.0,492.0,462.0,426.0,413.0,478.0,319.0,416.0,324.0,297.0,269.0,212.0,268.0,278.0,211.0,135.0,103.0,126.0,105.0,108.0,90.0,89.0,69.0,67.0,51.0,63.0,30.0,22.0,18.0,21.0,20.0,14.0,29.0,17.0
104,2024-01-03,12.0,6.0,7.0,5.0,4.0,12.0,7.0,3.0,5.0,3.0,2.0,5.0,6.0,1.0,8.0,3.0,11.0,0.0,6.0,19.0,17.0,11.0,21.0,41.0,44.0,51.0,66.0,89.0,86.0,139.0,167.0,155.0,166.0,219.0,219.0,286.0,240.0,267.0,367.0,395.0,405.0,437.0,509.0,455.0,460.0,549.0,523.0,507.0,579.0,553.0,535.0,536.0,515.0,528.0,475.0,468.0,506.0,475.0,477.0,499.0,472.0,490.0,441.0,481.0,446.0,365.0,460.0,318.0,387.0,342.0,284.0,332.0,274.0,271.0,208.0,174.0,175.0,167.0,142.0,97.0,123.0,91.0,94.0,127.0,66.0,51.0,77.0,69.0,51.0,48.0,25.0,20.0,12.0,19.0,43.0,28.0
104,2024-01-04,16.0,11.0,7.0,1.0,5.0,17.0,12.0,12.0,8.0,4.0,6.0,1.0,9.0,0.0,3.0,3.0,4.0,3.0,7.0,19.0,18.0,28.0,25.0,50.0,54.0,82.0,106.0,92.0,117.0,102.0,141.0,167.0,208.0,250.0,263.0,290.0,321.0,337.0,441.0,399.0,529.0,550.0,524.0,647.0,518.0,559.0,616.0,584.0,634.0,629.0,658.0,628.0,594.0,624.0,581.0,599.0,608.0,559.0,554.0,581.0,501.0,494.0,490.0,604.0,512.0,500.0,445.0,432.0,496.0,415.0,394.0,371.0,315.0,314.0,280.0,229.0,208.0,191.0,142.0,166.0,136.0,115.0,105.0,115.0,104.0,103.0,79.0,81.0,46.0,30.0,20.0,43.0,41.0,27.0,12.0,12.0
104,2024-01-05,8.0,8.0,11.0,11.0,9.0,5.0,5.0,12.0,5.0,12.0,2.0,1.0,5.0,4.0,5.0,7.0,1.0,5.0,9.0,13.0,20.0,20.0,34.0,36.0,46.0,74.0,106.0,120.0,112.0,134.0,168.0,199.0,215.0,227.0,303.0,330.0,408.0,474.0,485.0,534.0,585.0,493.0,560.0,624.0,611.0,603.0,579.0,634.0,693.0,633.0,687.0,619.0,681.0,626.0,647.0,606.0,650.0,625.0,567.0,626.0,626.0,562.0,565.0,552.0,520.0,515.0,547.0,504.0,469.0,438.0,361.0,394.0,369.0,360.0,300.0,263.0,289.0,202.0,226.0,192.0,203.0,159.0,146.0,123.0,140.0,136.0,106.0,113.0,77.0,53.0,53.0,60.0,36.0,45.0,67.0,17.0
105,2024-01-01,93.0,195.0,279.0,276.0,217.0,213.0,227.0,192.0,171.0,147.0,140.0,105.0,76.0,85.0,63.0,65.0,57.0,40.0,59.0,46.0,62.0,49.0,49.0,74.0,68.0,73.0,121.0,100.0,83.0,100.0,130.0,137.0,110.0,134.0,157.0,206.0,169.0,215.0,238.0,281.0,304.0,325.0,298.0,362.0,344.0,373.0,396.0,443.0,453.0,406.0,436.0,478.0,434.0,431.0,438.0,497.0,433.0,434.0,486.0,425.0,435.0,443.0,453.0,503.0,417.0,459.0,441.0,446.0,407.0,461.0,398.0,416.0,346.0,342.0,306.0,306.0,317.0,314.0,277.0,283.0,264.0,254.0,235.0,274.0,260.0,258.0,266.0,255.0,192.0,192.0,144.0,139.0,132.0,101.0,92.0,85.0
105,2024-01-02,59.0,63.0,43.0,42.0,25.0,36.0,27.0,29.0,38.0,16.0,28.0,17.0,28.0,16.0,23.0,22.0,29.0,42.0,30.0,46.0,57.0,113.0,122.0,118.0,154.0,212.0,263.0,304.0,279.0,345.0,459.0,484.0,468.0,528.0,587.0,550.0,516.0,565.0,522.0,569.0,634.0,666.0,647.0,685.0,680.0,684.0,750.0,723.0,757.0,742.0,760.0,708.0,697.0,730.0,723.0,744.0,730.0,755.0,756.0,774.0,825.0,884.0,808.0,787.0,758.0,782.0,547.0,715.0,729.0,727.0,624.0,651.0,513.0,504.0,390.0,324.0,317.0,305.0,303.0,293.0,262.0,258.0,243.0,222.0,251.0,214.0,191.0,209.0,176.0,183.0,140.0,134.0,112.0,116.0,100.0,92.0
105,2024-01-03,66.0,62.0,39.0,38.0,34.0,29.0,43.0,24.0,32.0,24.0,31.0,9.0,26.0,22.0,21.0,22.0,20.0,26.0,46.0,35.0,65.0,86.0,134.0,153.0,176.0,228.0,308.0,353.0,314.0,400.0,476.0,546.0,516.0,579.0,563.0,577.0,559.0,591.0,593.0,603.0,622.0,656.0,743.0,682.0,700.0,685.0,775.0,775.0,764.0,731.0,746.0,771.0,811.0,716.0,764.0,766.0,790.0,817.0,818.0,791.0,776.0,769.0,844.0,832.0,839.0,867.0,816.0,821.0,881.0,818.0,783.0,745.0,629.0,588.0,534.0,457.0,431.0,411.0,370.0,352.0,367.0,312.0,293.0,310.0,296.0,276.0,236.0,258.0,254.0,191.0,172.0,156.0,153.0,137.0,115.0,89.0
105,2024-01-04,70.0,63.0,55.0,47.0,48.0,39.0,39.0,28.0,44.0,24.0,27.0,15.0,19.0,20.0,17.0,28.0,24.0,40.0,28.0,42.0,77.0,103.0,132.0,176.0,181.0,230.0,300.0,340.0,316.0,393.0,477.0,531.0,512.0,612.0,645.0,607.0,521.0,581.0,575.0,583.0,629.0,658.0,681.0,729.0,731.0,710.0,724.0,759.0,818.0,794.0,735.0,801.0,742.0,819.0,757.0,751.0,761.0,844.0,800.0,858.0,848.0,797.0,855.0,861.0,806.0,859.0,871.0,830.0,840.0,935.0,783.0,812.0,630.0,606.0,528.0,515.0,497.0,404.0,424.0,376.0,400.0,404.0,360.0,339.0,364.0,380.0,342.0,291.0,257.0,250.0,213.0,166.0,157.0,141.0,114.0,101.0
105,2024-01-05,74.0,83.0,73.0,44.0,46.0,49.0,32.0,38.0,49.0,37.0,24.0,28.0,16.0,28.0,30.0,24.0,24.0,36.0,32.0,44.0,65.0,88.0,116.0,147.0,199.0,244.0,281.0,357.0,352.0,386.0,441.0,559.0,491.0,533.0,629.0,606.0,585.0,614.0,537.0,681.0,668.0,719.0,756.0,715.0,732.0,752.0,774.0,748.0,777.0,796.0,807.0,768.0,757.0,786.0,778.0,733.0,715.0,782.0,842.0,836.0,775.0,813.0,850.0,823.0,842.0,808.0,841.0,821.0,869.0,869.0,818.0,777.0,689.0,634.0,562.0,541.0,497.0,482.0,452.0,445.0,427.0,356.0,369.0,400.0,391.0,400.0,391.0,350.0,328.0,276.0,244.0,205.0,185.0,172.0,166.0,143.0
106,2024-01-01,30.0,93.0,100.0,101.0,76.0,71.0,77.0,47.0,36.0,39.0,13.0,21.0,20.0,16.0,23.0,18.0,7.0,10.0,15.0,12.0,9.0,17.0,18.0,17.0,23.0,35.0,49.0,28.0,31.0,34.0,44.0,54.0,62.0,73.0,87.0,95.0,105.0,140.0,132.0,176.0,175.0,194.0,204.0,235.0,237.0,227.0,240.0,284.0,280.0,310.0,278.0,303.0,272.0,257.0,285.0,289.0,300.0,286.0,279.0,260.0,276.0,231.0,251.0,252.0,249.0,233.0,241.0,229.0,242.0,208.0,248.0,187.0,198.0,182.0,167.0,137.0,160.0,124.0,117.0,122.0,153.0,96.0,99.0,99.0,90.0,86.0,72.0,65.0,79.0,51.0,42.0,35.0,34.0,23.0,19.0,15.0
106,2024-01-02,12.0,15.0,10.0,8.0,5.0,8.0,8.0,10.0,10.0,9.0,9.0,5.0,4.0,5.0,4.0,9.0,11.0,13.0,13.0,27.0,30.0,46.0,51.0,73.0,63.0,99.0,134.0,135.0,127.0,155.0,184.0,215.0,200.0,210.0,238.0,230.0,255.0,257.0,259.0,251.0,309.0,301.0,332.0,354.0,372.0,333.0,386.0,339.0,316.0,364.0,338.0,373.0,387.0,351.0,335.0,391.0,350.0,345.0,327.0,366.0,389.0,395.0,388.0,343.0,388.0,314.0,303.0,244.0,224.0,315.0,242.0,208.0,164.0,162.0,140.0,141.0,94.0,100.0,102.0,92.0,96.0,66.0,85.0,80.0,60.0,79.0,68.0,51.0,42.0,58.0,34.0,33.0,30.0,25.0,23.0,31.0
106,2024-01-03,19.0,8.0,10.0,11.0,11.0,14.0,12.0,12.0,1.0,7.0,8.0,4.0,7.0,6.0,4.0,7.0,14.0,14.0,16.0,15.0,29.0,49.0,71.0,63.0,79.0,121.0,126.0,141.0,155.0,163.0,184.0,235.0,226.0,247.0,276.0,249.0,258.0,245.0,243.0,257.0,284.0,280.0,295.0,287.0,325.0,363.0,364.0,360.0,327.0,328.0,346.0,346.0,331.0,308.0,331.0,330.0,344.0,352.0,336.0,332.0,371.0,315.0,350.0,324.0,328.0,343.0,352.0,320.0,343.0,349.0,338.0,264.0,240.0,219.0,209.0,121.0,141.0,129.0,112.0,124.0,118.0,115.0,123.0,110.0,80.0,97.0,101.0,75.0,68.0,62.0,32.0,37.0,41.0,26.0,27.0,24.0
106,2024-01-04,26.0,13.0,16.0,8.0,12.0,7.0,5.0,8.0,4.0,7.0,9.0,7.0,6.0,10.0,5.0,12.0,10.0,6.0,19.0,23.0,26.0,51.0,61.0,72.0,87.0,121.0,145.0,148.0,129.0,155.0,232.0,240.0,232.0,256.0,284.0,322.0,265.0,309.0,279.0,342.0,314.0,322.0,353.0,376.0,358.0,397.0,367.0,343.0,350.0,337.0,343.0,384.0,341.0,332.0,331.0,332.0,366.0,345.0,356.0,360.0,365.0,376.0,373.0,424.0,392.0,380.0,406.0,365.0,396.0,393.0,331.0,325.0,268.0,262.0,217.0,198.0,185.0,156.0,139.0,144.0,138.0,143.0,113.0,97.0,138.0,104.0,97.0,94.0,75.0,68.0,58.0,49.0,56.0,45.0,41.0,29.0
106,2024-01-05,28.0,14.0,16.0,9.0,11.0,21.0,10.0,6.0,9.0,9.0,10.0,9.0,5.0,6.0,5.0,13.0,13.0,11.0,19.0,18.0,30.0,55.0,60.0,86.0,91.0,117.0,150.0,164.0,134.0,171.0,186.0,213.0,249.0,245.0,290.0,347.0,297.0,311.0,307.0,341.0,321.0,348.0,374.0,367.0,391.0,347.0,406.0,407.0,410.0,402.0,397.0,383.0,379.0,362.0,346.0,368.0,386.0,405.0,402.0,381.0,393.0,414.0,366.0,377.0,418.0,354.0,356.0,392.0,383.0,348.0,391.0,308.0,262.0,249.0,227.0,186.0,157.0,147.0,153.0,138.0,139.0,156.0,148.0,130.0,122.0,135.0,116.0,92.0,82.0,69.0,92.0,50.0,54.0,44.0,55.0,32.0
107,2024-01-01,81.0,204.0,283.0,293.0,273.0,243.0,230.0,218.0,153.0,137.0,107.0,112.0,81.0,70.0,78.0,55.0,54.0,47.0,52.0,51.0,53.0,64.0,67.0,58.0,71.0,115.0,138.0,129.0,109.0,103.0,122.0,137.0,146.0,180.0,195.0,215.0,219.0,289.0,340.0,357.0,394.0,384.0,482.0,495.0,514.0,544.0,648.0,629.0,636.0,659.0,579.0,613.0,658.0,602.0,598.0,703.0,605.0,649.0,653.0,621.0,618.0,632.0,635.0,589.0,604.0,617.0,587.0,541.0,592.0,508.0,522.0,511.0,500.0,430.0,397.0,377.0,367.0,356.0,343.0,288.0,315.0,279.0,271.0,262.0,240.0,238.0,233.0,205.0,166.0,189.0,141.0,127.0,115.0,97.0,74.0,75.0
107,2024-01-02,59.0,45.0,38.0,28.0,20.0,32.0,25.0,24.0,33.0,20.0,26.0,17.0,19.0,14.0,33.0,38.0,26.0,34.0,40.0,47.0,69.0,124.0,131.0,144.0,190.0,243.0,289.0,303.0,334.0,395.0,415.0,495.0,511.0,520.0,577.0,561.0,542.0,527.0,623.0,605.0,651.0,690.0,705.0,792.0,788.0,721.0,871.0,758.0,816.0,866.0,810.0,798.0,820.0,811.0,781.0,830.0,771.0,811.0,791.0,781.0,843.0,853.0,892.0,869.0,898.0,764.0,725.0,701.0,758.0,731.0,725.0,645.0,547.0,440.0,408.0,372.0,318.0,314.0,262.0,266.0,234.0,223.0,211.0,198.0,210.0,184.0,193.0,191.0,205.0,134.0,139.0,119.0,128.0,133.0,117.0,98.0
107,2024-01-03,52.0,51.0,48.0,40.0,30.0,25.0,26.0,19.0,22.0,24.0,25.0,22.0,20.0,30.0,30.0,21.0,25.0,32.0,47.0,58.0,87.0,120.0,150.0,162.0,225.0,268.0,318.0,330.0,376.0,437.0,458.0,475.0,541.0,595.0,565.0,583.0,577.0,571.0,659.0,672.0,651.0,741.0,718.0,742.0,728.0,787.0,826.0,851.0,838.0,867.0,797.0,826.0,817.0,762.0,781.0,749.0,726.0,826.0,804.0,853.0,791.0,819.0,783.0,826.0,782.0,840.0,817.0,778.0,856.0,876.0,808.0,725.0,674.0,600.0,478.0,411.0,422.0,368.0,367.0,326.0,311.0,280.0,287.0,285.0,278.0,235.0,240.0,246.0,211.0,197.0,160.0,143.0,138.0,103.0,91.0,83.0
107,2024-01-04,66.0,50.0,55.0,35.0,34.0,41.0,28.0,23.0,31.0,28.0,20.0,23.0,18.0,19.0,27.0,33.0,33.0,42.0,32.0,46.0,68.0,137.0,159.0,144.0,221.0,287.0,327.0,354.0,389.0,441.0,477.0,527.0,536.0,591.0,648.0,691.0,597.0,585.0,725.0,710.0,752.0,720.0,813.0,795.0,815.0,787.0,930.0,804.0,783.0,875.0,882.0,842.0,819.0,805.0,785.0,816.0,765.0,884.0,843.0,784.0,850.0,898.0,873.0,938.0,868.0,877.0,848.0,898.0,919.0,980.0,860.0,853.0,723.0,643.0,567.0,512.0,501.0,433.0,381.0,398.0,349.0,373.0,295.0,344.0,358.0,322.0,322.0,271.0,246.0,251.0,187.0,161.0,146.0,138.0,97.0,103.0
107,2024-01-05,71.0,68.0,67.0,44.0,43.0,42.0,27.0,32.0,37.0,35.0,17.0,21.0,19.0,20.0,32.0,31.0,29.0,50.0,47.0,55.0,57.0,147.0,149.0,171.0,219.0,267.0,315.0,354.0,353.0,474.0,456.0,487.0,505.0,667.0,711.0,667.0,614.0,659.0,740.0,762.0,776.0,757.0,861.0,808.0,837.0,887.0,835.0,872.0,849.0,886.0,925.0,784.0,869.0,817.0,877.0,764.0,804.0,829.0,886.0,922.0,848.0,955.0,912.0,966.0,879.0,907.0,895.0,893.0,894.0,976.0,874.0,805.0,752.0,679.0,622.0,562.0,481.0,470.0,434.0,418.0,368.0,358.0,358.0,377.0,368.0,369.0,327.0,316.0,298.0,270.0,224.0,211.0,152.0,148.0,160.0,127.0
108,2024-01-01,53.0,71.0,99.0,113.0,78.0,101.0,97.0,91.0,68.0,70.0,54.0,47.0,42.0,39.0,24.0,17.0,19.0,18.0,17.0,7.0,18.0,25.0,15.0,26.0,21.0,23.0,40.0,40.0,42.0,40.0,32.0,38.0,34.0,64.0,59.0,80.0,72.0,78.0,108.0,132.0,108.0,114.0,131.0,142.0,134.0,161.0,180.0,162.0,168.0,189.0,151.0,208.0,209.0,179.0,198.0,183.0,180.0,185.0,145.0,178.0,188.0,193.0,175.0,215.0,161.0,175.0,178.0,191.0,183.0,188.0,175.0,179.0,166.0,156.0,162.0,147.0,142.0,182.0,134.0,112.0,142.0,119.0,124.0,112.0,97.0,100.0,102.0,96.0,80.0,60.0,51.0,58.0,49.0,36.0,31.0,33.0
108,2024-01-02,15.0,32.0,17.0,8.0,4.0,9.0,11.0,6.0,19.0,11.0,9.0,3.0,4.0,8.0,5.0,7.0,10.0,9.0,9.0,8.0,28.0,17.0,40.0,45.0,44.0,74.0,91.0,107.0,92.0,114.0,173.0,176.0,194.0,214.0,186.0,198.0,207.0,195.0,219.0,230.0,217.0,227.0,228.0,240.0,221.0,245.0,272.0,262.0,257.0,253.0,252.0,230.0,261.0,243.0,214.0,234.0,240.0,263.0,253.0,254.0,298.0,302.0,323.0,272.0,297.0,253.0,263.0,256.0,263.0,281.0,232.0,256.0,223.0,191.0,201.0,173.0,159.0,129.0,127.0,94.0,102.0,100.0,102.0,95.0,85.0,93.0,80.0,55.0,67.0,60.0,47.0,56.0,32.0,45.0,55.0,42.0
108,2024-01-03,19.0,17.0,8.0,13.0,8.0,11.0,14.0,15.0,14.0,8.0,6.0,6.0,5.0,4.0,6.0,13.0,6.0,5.0,14.0,10.0,14.0,19.0,37.0,31.0,66.0,79.0,96.0,134.0,125.0,150.0,172.0,198.0,176.0,213.0,229.0,234.0,252.0,233.0,215.0,199.0,228.0,215.0,260.0,227.0,217.0,235.0,246.0,246.0,259.0,228.0,270.0,241.0,250.0,223.0,221.0,228.0,254.0,216.0,259.0,268.0,280.0,274.0,279.0,269.0,263.0,281.0,285.0,320.0,325.0,328.0,300.0,311.0,279.0,290.0,211.0,199.0,187.0,165.0,131.0,148.0,114.0,132.0,114.0,115.0,116.0,113.0,99.0,93.0,78.0,65.0,75.0,57.0,42.0,38.0,37.0,33.0
108,2024-01-04,18.0,24.0,18.0,17.0,19.0,15.0,17.0,8.0,15.0,9.0,4.0,9.0,12.0,5.0,7.0,3.0,7.0,7.0,10.0,16.0,24.0,20.0,46.0,54.0,58.0,87.0,116.0,112.0,115.0,132.0,152.0,193.0,191.0,217.0,230.0,275.0,251.0,227.0,222.0,250.0,210.0,285.0,252.0,253.0,248.0,243.0,282.0,228.0,284.0,270.0,280.0,264.0,255.0,238.0,249.0,249.0,254.0,280.0,279.0,306.0,308.0,238.0,277.0,300.0,263.0,318.0,348.0,333.0,360.0,313.0,374.0,302.0,284.0,264.0,230.0,223.0,191.0,199.0,169.0,170.0,134.0,147.0,147.0,113.0,147.0,108.0,145.0,84.0,104.0,88.0,59.0,71.0,53.0,55.0,46.0,38.0
108,2024-01-05,28.0,23.0,22.0,23.0,14.0,22.0,12.0,11.0,12.0,11.0,13.0,5.0,5.0,9.0,6.0,9.0,9.0,7.0,11.0,12.0,18.0,26.0,42.0,49.0,49.0,80.0,111.0,117.0,142.0,142.0,156.0,211.0,228.0,226.0,235.0,235.0,230.0,248.0,244.0,249.0,223.0,261.0,308.0,268.0,253.0,255.0,298.0,249.0,277.0,242.0,277.0,288.0,266.0,247.0,254.0,281.0,257.0,287.0,287.0,251.0,323.0,292.0,307.0,270.0,307.0,300.0,327.0,310.0,338.0,337.0,333.0,304.0,306.0,264.0,218.0,187.0,195.0,191.0,189.0,188.0,133.0,169.0,131.0,125.0,147.0,111.0,134.0,114.0,106.0,99.0,85.0,66.0,63.0,71.0,61.0,50.0
109,2024-01-01,38.0,130.0,126.0,136.0,95.0,95.0,90.0,56.0,41.0,48.0,21.0,28.0,24.0,19.0,29.0,21.0,9.0,11.0,18.0,10.0,12.0,18.0,18.0,16.0,37.0,37.0,56.0,40.0,36.0,46.0,57.0,64.0,71.0,86.0,106.0,130.0,130.0,191.0,170.0,242.0,213.0,258.0,271.0,289.0,313.0,289.0,314.0,329.0,345.0,386.0,335.0,382.0,325.0,334.0,354.0,377.0,366.0,355.0,351.0,342.0,348.0,320.0,319.0,325.0,291.0,314.0,312.0,304.0,313.0,296.0,316.0,265.0,241.0,246.0,209.0,177.0,205.0,175.0,168.0,153.0,193.0,131.0,138.0,129.0,132.0,115.0,103.0,80.0,94.0,62.0,56.0,35.0,40.0,28.0,25.0,17.0
109,2024-01-02,14.0,22.0,9.0,9.0,8.0,9.0,9.0,13.0,8.0,8.0,10.0,6.0,4.0,7.0,6.0,9.0,11.0,16.0,18.0,29.0,27.0,46.0,55.0,79.0,79.0,120.0,153.0,150.0,140.0,174.0,214.0,238.0,247.0,264.0,289.0,291.0,312.0,323.0,334.0,337.0,375.0,391.0,431.0,448.0,450.0,465.0,491.0,442.0,416.0,451.0,430.0,450.0,479.0,438.0,455.0,472.0,446.0,463.0,421.0,447.0,479.0,500.0,482.0,442.0,471.0,393.0,374.0,307.0,367.0,384.0,319.0,267.0,228.0,198.0,179.0,184.0,119.0,134.0,136.0,137.0,130.0,84.0,103.0,96.0,85.0,94.0,89.0,60.0,55.0,67.0,44.0,35.0,38.0,32.0,27.0,39.0
109,2024-01-03,22.0,10.0,10.0,14.0,11.0,13.0,15.0,12.0,1.0,7.0,11.0,5.0,6.0,7.0,5.0,7.0,14.0,16.0,19.0,18.0,34.0,51.0,74.0,68.0,91.0,137.0,149.0,168.0,179.0,191.0,209.0,271.0,280.0,306.0,347.0,317.0,298.0,300.0,294.0,347.0,381.0,360.0,389.0,393.0,402.0,461.0,457.0,454.0,409.0,444.0,422.0,428.0,452.0,410.0,399.0,450.0,440.0,426.0,433.0,418.0,480.0,432.0,430.0,432.0,429.0,428.0,442.0,444.0,412.0,462.0,436.0,355.0,338.0,311.0,259.0,211.0,207.0,188.0,178.0,192.0,171.0,176.0,167.0,158.0,111.0,127.0,135.0,101.0,94.0,80.0,54.0,53.0,53.0,37.0,36.0,31.0
109,2024-01-04,32.0,18.0,17.0,14.0,13.0,10.0,8.0,11.0,5.0,6.0,12.0,7.0,5.0,9.0,8.0,13.0,13.0,9.0,23.0,25.0,29.0,47.0,68.0,83.0,100.0,138.0,163.0,171.0,166.0,187.0,269.0,293.0,277.0,312.0,339.0,402.0,315.0,383.0,375.0,445.0,402.0,426.0,445.0,446.0,470.0,493.0,469.0,452.0,445.0,439.0,468.0,502.0,442.0,427.0,416.0,451.0,452.0,437.0,432.0,454.0,466.0,484.0,468.0,510.0,490.0,472.0,509.0,473.0,501.0,518.0,427.0,434.0,336.0,338.0,292.0,267.0,222.0,230.0,187.0,199.0,191.0,172.0,153.0,136.0,174.0,144.0,137.0,119.0,87.0,93.0,74.0,57.0,66.0,57.0,39.0,33.0
109,2024-01-05,30.0,21.0,16.0,15.0,16.0,25.0,12.0,7.0,8.0,10.0,16.0,11.0,7.0,5.0,6.0,9.0,15.0,14.0,23.0,20.0,37.0,55.0,70.0,84.0,111.0,134.0,172.0,183.0,164.0,205.0,239.0,265.0,289.0,293.0,368.0,398.0,388.0,402.0,415.0,429.0,426.0,467.0,480.0,469.0,488.0,451.0,524.0,513.0,506.0,492.0,488.0,480.0,475.0,453.0,466.0,451.0,490.0,529.0,498.0,466.0,515.0,541.0,452.0,478.0,508.0,468.0,456.0,493.0,488.0,432.0,490.0,408.0,339.0,333.0,289.0,260.0,211.0,214.0,215.0,190.0,178.0,217.0,191.0,193.0,174.0,168.0,155.0,123.0,116.0,101.0,102.0,69.0,70.0,58.0,60.0,42.0
111,2024-01-01,38.0,95.0,129.0,126.0,112.0,84.0,79.0,72.0,57.0,62.0,54.0,36.0,32.0,35.0,27.0,27.0,28.0,19.0,16.0,27.0,27.0,26.0,21.0,36.0,46.0,71.0,85.0,62.0,50.0,62.0,66.0,65.0,73.0,65.0,104.0,121.0,111.0,125.0,156.0,156.0,181.0,220.0,200.0,241.0,270.0,255.0,289.0,300.0,366.0,272.0,335.0,332.0,351.0,294.0,320.0,346.0,365.0,358.0,357.0,333.0,328.0,321.0,339.0,298.0,322.0,305.0,259.0,245.0,237.0,273.0,214.0,239.0,204.0,222.0,220.0,186.0,179.0,155.0,156.0,159.0,168.0,143.0,152.0,160.0,159.0,158.0,129.0,138.0,109.0,82.0,71.0,66.0,58.0,42.0,35.0,28.0
111,2024-01-02,37.0,27.0,21.0,21.0,13.0,13.0,16.0,10.0,17.0,10.0,10.0,11.0,5.0,9.0,13.0,15.0,12.0,12.0,18.0,20.0,23.0,29.0,62.0,59.0,67.0,110.0,142.0,134.0,170.0,222.0,249.0,309.0,303.0,322.0,350.0,357.0,337.0,373.0,359.0,451.0,447.0,457.0,481.0,495.0,494.0,583.0,566.0,614.0,537.0,553.0,564.0,502.0,504.0,547.0,503.0,580.0,572.0,538.0,593.0,568.0,596.0,608.0,591.0,509.0,404.0,385.0,438.0,467.0,448.0,424.0,336.0,310.0,291.0,279.0,277.0,205.0,205.0,188.0,162.0,186.0,160.0,186.0,143.0,141.0,152.0,154.0,107.0,121.0,114.0,101.0,87.0,60.0,68.0,49.0,42.0,51.0
111,2024-01-03,40.0,30.0,23.0,21.0,20.0,25.0,19.0,13.0,18.0,14.0,13.0,9.0,7.0,7.0,13.0,12.0,8.0,16.0,18.0,19.0,24.0,38.0,54.0,59.0,74.0,117.0,175.0,163.0,171.0,215.0,249.0,345.0,288.0,321.0,377.0,432.0,329.0,302.0,357.0,427.0,423.0,443.0,507.0,500.0,513.0,515.0,529.0,568.0,555.0,505.0,594.0,583.0,577.0,519.0,589.0,599.0,529.0,595.0,601.0,608.0,593.0,538.0,577.0,622.0,578.0,600.0,579.0,546.0,567.0,569.0,545.0,469.0,393.0,354.0,318.0,306.0,275.0,282.0,276.0,209.0,256.0,198.0,191.0,200.0,205.0,173.0,162.0,125.0,131.0,107.0,97.0,73.0,71.0,50.0,41.0,43.0
111,2024-01-04,30.0,25.0,30.0,25.0,14.0,17.0,11.0,11.0,12.0,9.0,9.0,9.0,11.0,12.0,7.0,14.0,10.0,9.0,14.0,23.0,22.0,36.0,65.0,61.0,71.0,122.0,147.0,145.0,159.0,222.0,275.0,337.0,324.0,354.0,409.0,436.0,338.0,407.0,416.0,391.0,457.0,498.0,522.0,481.0,536.0,512.0,550.0,551.0,559.0,534.0,487.0,551.0,592.0,509.0,572.0,553.0,609.0,565.0,571.0,633.0,598.0,584.0,579.0,565.0,573.0,576.0,476.0,542.0,562.0,552.0,530.0,482.0,371.0,336.0,277.0,402.0,263.0,484.0,321.0,253.0,216.0,248.0,216.0,207.0,206.0,183.0,144.0,130.0,161.0,131.0,99.0,69.0,78.0,63.0,54.0,56.0
111,2024-01-05,47.0,31.0,28.0,24.0,49.0,36.0,36.0,18.0,18.0,14.0,11.0,10.0,8.0,18.0,17.0,11.0,14.0,6.0,16.0,24.0,30.0,23.0,50.0,58.0,88.0,113.0,165.0,175.0,175.0,240.0,266.0,348.0,303.0,338.0,397.0,384.0,304.0,392.0,388.0,453.0,461.0,520.0,555.0,532.0,511.0,578.0,565.0,600.0,586.0,551.0,571.0,575.0,560.0,576.0,570.0,526.0,509.0,568.0,542.0,561.0,564.0,557.0,572.0,551.0,589.0,578.0,526.0,528.0,590.0,559.0,474.0,418.0,388.0,376.0,327.0,302.0,284.0,266.0,228.0,250.0,262.0,208.0,206.0,207.0,186.0,180.0,222.0,190.0,137.0,115.0,125.0,83.0,86.0,89.0,66.0,52.0
112,2024-01-01,79.0,176.0,247.0,237.0,210.0,196.0,196.0,179.0,157.0,120.0,141.0,107.0,79.0,89.0,68.0,65.0,54.0,49.0,51.0,47.0,55.0,60.0,43.0,77.0,70.0,60.0,107.0,90.0,71.0,88.0,111.0,116.0,95.0,115.0,151.0,173.0,135.0,180.0,207.0,269.0,267.0,269.0,284.0,318.0,300.0,338.0,329.0,411.0,388.0,360.0,374.0,417.0,420.0,340.0,390.0,412.0,414.0,403.0,406.0,358.0,385.0,400.0,388.0,408.0,397.0,369.0,388.0,384.0,312.0,396.0,332.0,351.0,311.0,315.0,289.0,270.0,266.0,235.0,233.0,237.0,232.0,230.0,214.0,242.0,237.0,237.0,226.0,214.0,188.0,171.0,113.0,138.0,119.0,99.0,74.0,70.0
112,2024-01-02,49.0,54.0,37.0,31.0,29.0,38.0,29.0,27.0,48.0,18.0,31.0,12.0,28.0,11.0,24.0,23.0,25.0,34.0,29.0,34.0,60.0,98.0,102.0,115.0,136.0,178.0,217.0,240.0,240.0,302.0,385.0,405.0,404.0,492.0,463.0,457.0,403.0,454.0,463.0,476.0,511.0,542.0,552.0,556.0,546.0,605.0,597.0,673.0,601.0,641.0,611.0,602.0,588.0,590.0,622.0,619.0,643.0,584.0,648.0,654.0,681.0,733.0,668.0,662.0,607.0,613.0,552.0,586.0,595.0,559.0,532.0,503.0,426.0,416.0,355.0,280.0,296.0,252.0,271.0,250.0,239.0,216.0,224.0,198.0,227.0,213.0,197.0,176.0,142.0,153.0,128.0,123.0,102.0,117.0,111.0,99.0
112,2024-01-03,58.0,61.0,38.0,34.0,22.0,23.0,37.0,23.0,34.0,19.0,29.0,11.0,21.0,19.0,22.0,26.0,24.0,30.0,41.0,33.0,65.0,84.0,103.0,144.0,160.0,194.0,265.0,286.0,245.0,314.0,424.0,465.0,419.0,495.0,527.0,439.0,471.0,505.0,470.0,498.0,486.0,559.0,597.0,539.0,605.0,575.0,607.0,666.0,659.0,579.0,628.0,660.0,685.0,606.0,575.0,647.0,636.0,664.0,649.0,674.0,649.0,618.0,684.0,644.0,670.0,687.0,713.0,626.0,664.0,700.0,621.0,594.0,537.0,508.0,469.0,407.0,414.0,363.0,355.0,290.0,311.0,277.0,281.0,268.0,266.0,269.0,221.0,212.0,221.0,157.0,169.0,158.0,137.0,124.0,102.0,76.0
112,2024-01-04,59.0,51.0,48.0,50.0,44.0,32.0,36.0,32.0,48.0,28.0,26.0,17.0,21.0,16.0,18.0,30.0,23.0,31.0,25.0,53.0,77.0,102.0,117.0,154.0,152.0,200.0,275.0,284.0,273.0,317.0,422.0,454.0,417.0,518.0,540.0,533.0,414.0,500.0,491.0,506.0,530.0,587.0,593.0,592.0,617.0,603.0,622.0,665.0,652.0,674.0,584.0,699.0,625.0,611.0,653.0,646.0,646.0,665.0,658.0,694.0,674.0,697.0,740.0,662.0,660.0,701.0,714.0,686.0,666.0,721.0,659.0,660.0,546.0,479.0,464.0,446.0,443.0,360.0,372.0,313.0,332.0,364.0,314.0,315.0,294.0,330.0,296.0,229.0,245.0,218.0,204.0,159.0,142.0,110.0,101.0,92.0
112,2024-01-05,78.0,79.0,66.0,50.0,49.0,43.0,23.0,35.0,51.0,30.0,25.0,29.0,12.0,36.0,25.0,26.0,25.0,26.0,29.0,37.0,68.0,72.0,93.0,144.0,151.0,213.0,243.0,275.0,306.0,334.0,349.0,488.0,418.0,453.0,519.0,512.0,458.0,537.0,455.0,552.0,551.0,577.0,635.0,604.0,621.0,583.0,648.0,609.0,627.0,660.0,718.0,609.0,661.0,630.0,625.0,599.0,622.0,665.0,732.0,643.0,642.0,666.0,684.0,674.0,681.0,695.0,677.0,644.0,678.0,674.0,697.0,659.0,595.0,488.0,493.0,442.0,424.0,416.0,387.0,359.0,333.0,300.0,297.0,312.0,325.0,335.0,331.0,294.0,292.0,247.0,220.0,178.0,158.0,158.0,138.0,116.0
113,2024-01-01,307.0,240.0,263.0,260.0,235.0,253.0,243.0,142.0,190.0,115.0,91.0,126.0,89.0,81.0,41.0,62.0,54.0,38.0,110.0,60.0,46.0,84.0,151.0,142.0,48.0,148.0,192.0,104.0,197.0,117.0,244.0,141.0,253.0,255.0,245.0,343.0,450.0,323.0,340.0,350.0,446.0,334.0,513.0,411.0,354.0,421.0,530.0,440.0,463.0,411.0,600.0,373.0,450.0,509.0,466.0,468.0,621.0,429.0,485.0,559.0,482.0,552.0,541.0,729.0,646.0,456.0,458.0,457.0,528.0,852.0,341.0,478.0,593.0,707.0,707.0,502.0,680.0,520.0,707.0,920.0,701.0,743.0,578.0,768.0,573.0,228.0,289.0,639.0,551.0,332.0,139.0,365.0,424.0,287.0,308.0,105.0
113,2024-01-02,92.0,94.0,54.0,57.0,36.0,19.0,289.0,14.0,92.0,40.0,55.0,63.0,39.0,60.0,31.0,126.0,101.0,34.0,53.0,53.0,62.0,134.0,102.0,71.0,88.0,284.0,397.0,351.0,380.0,275.0,743.0,330.0,382.0,482.0,452.0,454.0,460.0,462.0,541.0,469.0,561.0,451.0,467.0,467.0,628.0,564.0,599.0,530.0,559.0,623.0,560.0,463.0,764.0,433.0,497.0,724.0,524.0,660.0,728.0,520.0,564.0,753.0,536.0,641.0,527.0,382.0,465.0,476.0,397.0,414.0,364.0,346.0,326.0,304.0,271.0,256.0,246.0,239.0,268.0,208.0,227.0,279.0,193.0,192.0,165.0,156.0,155.0,192.0,190.0,146.0,125.0,95.0,97.0,90.0,57.0,64.0
113,2024-01-03,42.0,41.0,27.0,36.0,31.0,30.0,32.0,23.0,28.0,20.0,30.0,19.0,9.0,24.0,25.0,25.0,18.0,31.0,21.0,54.0,39.0,31.0,45.0,79.0,78.0,138.0,199.0,240.0,207.0,196.0,451.0,454.0,324.0,365.0,404.0,404.0,404.0,461.0,423.0,416.0,395.0,429.0,431.0,476.0,463.0,457.0,505.0,514.0,513.0,478.0,467.0,486.0,473.0,442.0,493.0,482.0,502.0,641.0,476.0,580.0,520.0,548.0,502.0,553.0,436.0,482.0,555.0,463.0,519.0,562.0,515.0,481.0,423.0,446.0,458.0,373.0,431.0,508.0,535.0,350.0,329.0,348.0,498.0,346.0,397.0,359.0,262.0,360.0,230.0,216.0,188.0,120.0,99.0,80.0,56.0,61.0
113,2024-01-04,41.0,32.0,35.0,61.0,17.0,85.0,34.0,68.0,73.0,24.0,114.0,49.0,69.0,13.0,57.0,24.0,59.0,38.0,45.0,42.0,36.0,89.0,78.0,147.0,109.0,151.0,258.0,235.0,296.0,490.0,431.0,445.0,493.0,469.0,400.0,459.0,363.0,400.0,381.0,454.0,508.0,451.0,539.0,425.0,573.0,558.0,461.0,591.0,533.0,524.0,613.0,542.0,535.0,544.0,472.0,553.0,535.0,516.0,511.0,513.0,567.0,567.0,589.0,533.0,574.0,508.0,527.0,553.0,730.0,563.0,521.0,527.0,417.0,602.0,396.0,466.0,581.0,496.0,397.0,366.0,339.0,374.0,355.0,519.0,326.0,373.0,301.0,239.0,243.0,194.0,159.0,175.0,139.0,237.0,159.0,44.0
113,2024-01-05,49.0,53.0,31.0,88.0,34.0,48.0,105.0,64.0,62.0,79.0,51.0,25.0,50.0,162.0,60.0,6.0,75.0,39.0,92.0,23.0,81.0,92.0,83.0,92.0,200.0,163.0,298.0,207.0,419.0,324.0,423.0,629.0,439.0,352.0,450.0,541.0,514.0,520.0,484.0,387.0,478.0,455.0,475.0,481.0,491.0,543.0,549.0,562.0,536.0,623.0,496.0,561.0,541.0,534.0,577.0,460.0,503.0,495.0,485.0,637.0,530.0,561.0,597.0,620.0,518.0,606.0,627.0,636.0,538.0,635.0,607.0,609.0,456.0,552.0,556.0,576.0,657.0,774.0,602.0,342.0,415.0,634.0,644.0,454.0,638.0,325.0,411.0,450.0,340.0,233.0,453.0,208.0,121.0,287.0,82.0,67.0
114,2024-01-01,50.0,99.0,155.0,142.0,145.0,126.0,124.0,108.0,77.0,70.0,54.0,40.0,42.0,37.0,31.0,31.0,31.0,12.0,28.0,26.0,29.0,21.0,20.0,36.0,36.0,56.0,58.0,58.0,48.0,57.0,63.0,48.0,53.0,60.0,76.0,83.0,92.0,117.0,106.0,130.0,167.0,146.0,169.0,176.0,186.0,180.0,220.0,213.0,280.0,207.0,228.0,248.0,254.0,207.0,247.0,235.0,257.0,267.0,264.0,249.0,256.0,232.0,262.0,242.0,239.0,232.0,241.0,219.0,205.0,229.0,236.0,192.0,218.0,223.0,200.0,178.0,181.0,173.0,166.0,163.0,176.0,163.0,187.0,173.0,203.0,161.0,162.0,152.0,132.0,97.0,78.0,71.0,46.0,45.0,45.0,33.0
114,2024-01-02,35.0,57.0,80.0,22.0,20.0,23.0,24.0,15.0,17.0,14.0,9.0,8.0,10.0,11.0,15.0,14.0,14.0,15.0,19.0,16.0,20.0,33.0,38.0,61.0,57.0,119.0,151.0,128.0,137.0,175.0,203.0,236.0,252.0,287.0,302.0,321.0,279.0,308.0,309.0,350.0,331.0,376.0,398.0,383.0,361.0,351.0,365.0,380.0,376.0,370.0,379.0,503.0,372.0,376.0,347.0,419.0,415.0,387.0,363.0,436.0,370.0,415.0,422.0,342.0,268.0,414.0,379.0,352.0,373.0,351.0,323.0,328.0,274.0,291.0,254.0,192.0,201.0,195.0,186.0,195.0,167.0,183.0,150.0,169.0,155.0,147.0,120.0,150.0,126.0,114.0,117.0,78.0,75.0,60.0,56.0,51.0
114,2024-01-03,49.0,124.0,58.0,37.0,28.0,54.0,47.0,11.0,85.0,86.0,90.0,173.0,19.0,121.0,60.0,33.0,169.0,241.0,92.0,38.0,101.0,165.0,145.0,154.0,328.0,344.0,233.0,297.0,176.0,184.0,199.0,278.0,240.0,287.0,277.0,311.0,303.0,267.0,336.0,363.0,362.0,395.0,382.0,410.0,440.0,402.0,448.0,462.0,438.0,435.0,453.0,464.0,437.0,433.0,477.0,477.0,425.0,487.0,433.0,508.0,447.0,436.0,469.0,491.0,475.0,448.0,476.0,419.0,430.0,339.0,436.0,346.0,308.0,285.0,374.0,234.0,219.0,215.0,203.0,171.0,174.0,177.0,235.0,378.0,416.0,378.0,286.0,210.0,228.0,329.0,192.0,121.0,93.0,157.0,78.0,108.0
114,2024-01-04,151.0,180.0,48.0,59.0,50.0,40.0,50.0,92.0,112.0,39.0,165.0,7.0,29.0,12.0,12.0,15.0,91.0,51.0,54.0,21.0,21.0,79.0,48.0,61.0,69.0,98.0,178.0,167.0,210.0,184.0,226.0,259.0,264.0,297.0,343.0,396.0,283.0,339.0,372.0,352.0,349.0,373.0,399.0,371.0,457.0,419.0,404.0,460.0,469.0,473.0,450.0,438.0,462.0,442.0,435.0,464.0,446.0,447.0,471.0,442.0,367.0,413.0,427.0,506.0,453.0,487.0,474.0,442.0,472.0,500.0,430.0,437.0,374.0,321.0,326.0,286.0,245.0,265.0,249.0,265.0,218.0,206.0,208.0,176.0,182.0,175.0,179.0,159.0,171.0,134.0,118.0,108.0,85.0,79.0,72.0,43.0
114,2024-01-05,59.0,59.0,57.0,55.0,58.0,32.0,55.0,19.0,39.0,103.0,18.0,18.0,25.0,13.0,20.0,14.0,13.0,10.0,13.0,24.0,27.0,28.0,37.0,55.0,81.0,119.0,179.0,151.0,162.0,208.0,221.0,306.0,274.0,277.0,309.0,361.0,298.0,369.0,339.0,397.0,412.0,402.0,435.0,403.0,390.0,458.0,462.0,482.0,481.0,438.0,443.0,415.0,428.0,472.0,469.0,412.0,398.0,450.0,471.0,455.0,441.0,494.0,471.0,471.0,444.0,522.0,439.0,408.0,444.0,453.0,398.0,349.0,323.0,365.0,315.0,277.0,254.0,276.0,211.0,207.0,264.0,196.0,193.0,214.0,182.0,197.0,186.0,182.0,158.0,156.0,128.0,100.0,98.0,111.0,61.0,53.0
115,2024-01-01,77.0,146.0,208.0,197.0,202.0,168.0,140.0,132.0,129.0,97.0,89.0,57.0,50.0,57.0,42.0,43.0,44.0,25.0,35.0,40.0,37.0,41.0,29.0,56.0,54.0,98.0,84.0,88.0,69.0,87.0,98.0,76.0,82.0,89.0,116.0,119.0,140.0,161.0,168.0,235.0,229.0,222.0,248.0,247.0,277.0,270.0,327.0,315.0,375.0,312.0,353.0,363.0,356.0,326.0,341.0,343.0,353.0,359.0,359.0,381.0,362.0,349.0,392.0,354.0,353.0,323.0,351.0,319.0,299.0,336.0,313.0,277.0,291.0,302.0,277.0,252.0,232.0,228.0,216.0,213.0,242.0,228.0,223.0,204.0,243.0,222.0,207.0,199.0,188.0,158.0,112.0,110.0,81.0,67.0,67.0,49.0
115,2024-01-02,64.0,49.0,38.0,31.0,34.0,26.0,30.0,16.0,18.0,17.0,14.0,14.0,14.0,11.0,23.0,20.0,17.0,18.0,25.0,18.0,29.0,36.0,54.0,81.0,81.0,141.0,186.0,164.0,178.0,238.0,266.0,339.0,328.0,353.0,376.0,362.0,341.0,370.0,398.0,442.0,422.0,483.0,486.0,481.0,517.0,578.0,571.0,593.0,543.0,532.0,557.0,548.0,526.0,557.0,496.0,600.0,594.0,540.0,570.0,624.0,622.0,590.0,628.0,540.0,450.0,515.0,514.0,493.0,375.0,481.0,444.0,444.0,376.0,372.0,319.0,254.0,254.0,247.0,223.0,220.0,207.0,228.0,195.0,212.0,193.0,191.0,158.0,184.0,169.0,156.0,139.0,93.0,97.0,81.0,68.0,74.0
115,2024-01-03,57.0,52.0,33.0,32.0,32.0,34.0,25.0,21.0,18.0,17.0,16.0,12.0,9.0,9.0,19.0,20.0,14.0,21.0,15.0,27.0,33.0,27.0,52.0,79.0,93.0,144.0,184.0,184.0,204.0,245.0,260.0,374.0,350.0,392.0,404.0,441.0,392.0,400.0,429.0,443.0,448.0,482.0,470.0,502.0,549.0,508.0,553.0,565.0,560.0,574.0,569.0,592.0,582.0,544.0,628.0,640.0,548.0,609.0,575.0,641.0,588.0,564.0,609.0,639.0,644.0,605.0,609.0,596.0,650.0,571.0,653.0,519.0,485.0,477.0,418.0,386.0,364.0,340.0,347.0,307.0,285.0,266.0,299.0,277.0,279.0,247.0,231.0,204.0,167.0,189.0,147.0,135.0,104.0,101.0,73.0,73.0
115,2024-01-04,57.0,44.0,45.0,30.0,31.0,24.0,22.0,13.0,24.0,13.0,13.0,10.0,15.0,9.0,13.0,16.0,14.0,19.0,14.0,29.0,28.0,38.0,66.0,80.0,82.0,135.0,189.0,210.0,211.0,237.0,302.0,353.0,373.0,380.0,455.0,483.0,346.0,429.0,466.0,452.0,450.0,491.0,537.0,499.0,577.0,562.0,528.0,590.0,603.0,575.0,570.0,586.0,597.0,578.0,565.0,624.0,556.0,568.0,587.0,597.0,578.0,654.0,603.0,639.0,600.0,631.0,613.0,624.0,627.0,669.0,583.0,570.0,484.0,438.0,408.0,361.0,328.0,339.0,326.0,330.0,255.0,273.0,261.0,255.0,285.0,264.0,247.0,206.0,249.0,205.0,164.0,132.0,114.0,94.0,97.0,74.0
115,2024-01-05,65.0,45.0,46.0,41.0,46.0,43.0,26.0,20.0,50.0,41.0,15.0,25.0,16.0,17.0,20.0,14.0,19.0,9.0,18.0,27.0,38.0,34.0,42.0,76.0,115.0,133.0,201.0,222.0,222.0,274.0,302.0,375.0,346.0,360.0,416.0,439.0,363.0,440.0,427.0,516.0,512.0,521.0,546.0,543.0,501.0,588.0,585.0,623.0,595.0,568.0,591.0,543.0,563.0,594.0,588.0,557.0,504.0,584.0,578.0,571.0,596.0,632.0,620.0,617.0,615.0,689.0,564.0,564.0,616.0,643.0,538.0,501.0,474.0,488.0,444.0,402.0,359.0,338.0,316.0,305.0,323.0,273.0,259.0,284.0,247.0,289.0,292.0,246.0,251.0,192.0,187.0,155.0,140.0,159.0,92.0,88.0
116,2024-01-01,28.0,72.0,102.0,86.0,70.0,60.0,51.0,70.0,50.0,35.0,36.0,39.0,37.0,34.0,28.0,30.0,28.0,25.0,28.0,14.0,24.0,26.0,23.0,38.0,40.0,39.0,51.0,53.0,38.0,45.0,45.0,53.0,45.0,53.0,66.0,96.0,66.0,71.0,89.0,88.0,125.0,110.0,153.0,142.0,140.0,154.0,156.0,170.0,191.0,180.0,174.0,193.0,211.0,160.0,220.0,179.0,196.0,193.0,212.0,172.0,169.0,222.0,189.0,204.0,212.0,178.0,218.0,192.0,186.0,182.0,156.0,185.0,155.0,151.0,135.0,114.0,148.0,115.0,87.0,111.0,116.0,98.0,106.0,112.0,120.0,100.0,98.0,94.0,83.0,71.0,46.0,49.0,58.0,50.0,32.0,23.0
116,2024-01-02,17.0,20.0,14.0,12.0,8.0,9.0,7.0,20.0,32.0,10.0,10.0,8.0,9.0,13.0,12.0,11.0,17.0,19.0,18.0,22.0,24.0,46.0,63.0,60.0,96.0,117.0,131.0,116.0,132.0,165.0,184.0,212.0,179.0,223.0,215.0,227.0,198.0,234.0,246.0,224.0,255.0,264.0,289.0,275.0,305.0,303.0,297.0,336.0,360.0,310.0,341.0,294.0,300.0,313.0,322.0,326.0,298.0,357.0,302.0,326.0,387.0,351.0,327.0,303.0,196.0,278.0,301.0,264.0,311.0,268.0,305.0,236.0,196.0,171.0,153.0,115.0,134.0,119.0,107.0,108.0,105.0,96.0,96.0,85.0,115.0,88.0,86.0,80.0,51.0,58.0,40.0,45.0,37.0,36.0,31.0,43.0
116,2024-01-03,26.0,18.0,17.0,8.0,10.0,14.0,15.0,8.0,33.0,4.0,13.0,9.0,6.0,4.0,9.0,19.0,10.0,17.0,27.0,20.0,26.0,42.0,57.0,70.0,82.0,119.0,161.0,148.0,126.0,173.0,184.0,223.0,188.0,247.0,254.0,232.0,186.0,217.0,213.0,223.0,200.0,275.0,313.0,288.0,320.0,284.0,310.0,331.0,313.0,315.0,328.0,321.0,329.0,344.0,305.0,337.0,295.0,372.0,331.0,357.0,353.0,326.0,326.0,323.0,319.0,335.0,352.0,321.0,352.0,349.0,326.0,257.0,281.0,246.0,231.0,174.0,174.0,176.0,145.0,143.0,150.0,135.0,132.0,108.0,124.0,106.0,85.0,85.0,95.0,73.0,73.0,69.0,41.0,53.0,52.0,36.0
116,2024-01-04,27.0,16.0,19.0,22.0,15.0,9.0,12.0,15.0,34.0,10.0,5.0,9.0,15.0,7.0,7.0,13.0,12.0,23.0,14.0,26.0,43.0,54.0,65.0,73.0,88.0,139.0,160.0,149.0,175.0,181.0,241.0,252.0,228.0,235.0,310.0,273.0,212.0,212.0,234.0,220.0,228.0,283.0,246.0,256.0,263.0,260.0,285.0,318.0,316.0,346.0,302.0,352.0,332.0,306.0,345.0,314.0,352.0,310.0,322.0,357.0,352.0,315.0,351.0,349.0,363.0,349.0,338.0,361.0,353.0,361.0,282.0,257.0,231.0,232.0,194.0,170.0,183.0,162.0,151.0,155.0,134.0,143.0,143.0,143.0,119.0,145.0,114.0,101.0,102.0,99.0,83.0,61.0,65.0,51.0,35.0,35.0
116,2024-01-05,31.0,30.0,25.0,19.0,13.0,18.0,8.0,18.0,22.0,18.0,12.0,8.0,11.0,15.0,14.0,13.0,14.0,13.0,20.0,14.0,33.0,35.0,62.0,56.0,102.0,137.0,161.0,141.0,173.0,188.0,214.0,232.0,253.0,201.0,253.0,262.0,198.0,260.0,243.0,245.0,271.0,294.0,322.0,318.0,330.0,299.0,347.0,312.0,349.0,331.0,339.0,331.0,327.0,325.0,317.0,315.0,339.0,339.0,342.0,323.0,349.0,320.0,353.0,325.0,340.0,345.0,304.0,304.0,358.0,347.0,338.0,311.0,289.0,236.0,256.0,217.0,183.0,176.0,167.0,155.0,169.0,148.0,143.0,147.0,183.0,157.0,147.0,134.0,123.0,103.0,95.0,80.0,66.0,81.0,54.0,53.0
117,2024-01-01,179.0,344.0,554.0,604.0,538.0,431.0,493.0,436.0,357.0,283.0,261.0,244.0,194.0,177.0,159.0,149.0,127.0,112.0,99.0,89.0,97.0,135.0,111.0,144.0,119.0,148.0,191.0,203.0,169.0,183.0,242.0,223.0,231.0,552.0,1046.0,1265.0,1157.0,1210.0,1308.0,1320.0,1359.0,1417.0,1486.0,1470.0,1491.0,1500.0,1595.0,1607.0,1694.0,1619.0,1691.0,1736.0,1682.0,1630.0,1639.0,1741.0,1700.0,1674.0,1711.0,1632.0,1693.0,1655.0,1692.0,1806.0,1687.0,1656.0,1572.0,1632.0,1561.0,1621.0,1541.0,1610.0,1549.0,1486.0,1467.0,1479.0,1392.0,1358.0,1389.0,1395.0,1330.0,1327.0,1306.0,1355.0,1389.0,1377.0,1377.0,1313.0,1300.0,1328.0,1136.0,973.0,290.0,246.0,185.0,188.0
117,2024-01-02,161.0,135.0,122.0,98.0,94.0,95.0,80.0,65.0,79.0,52.0,63.0,47.0,401.0,892.0,816.0,689.0,59.0,234.0,1016.0,1044.0,156.0,640.0,707.0,375.0,281.0,401.0,488.0,1038.0,1382.0,1498.0,1642.0,928.0,819.0,1479.0,992.0,932.0,847.0,918.0,884.0,1007.0,1023.0,1082.0,1031.0,1123.0,1109.0,1184.0,1241.0,1179.0,1238.0,1203.0,1222.0,1156.0,1189.0,1134.0,1206.0,1245.0,1195.0,1248.0,1187.0,1240.0,1199.0,1294.0,1446.0,1174.0,1016.0,987.0,1149.0,1621.0,1494.0,1161.0,1036.0,1040.0,894.0,818.0,737.0,587.0,608.0,533.0,526.0,492.0,475.0,475.0,470.0,428.0,619.0,1142.0,566.0,432.0,372.0,793.0,999.0,289.0,250.0,252.0,235.0,175.0
117,2024-01-03,157.0,133.0,114.0,93.0,71.0,75.0,85.0,59.0,65.0,46.0,65.0,46.0,56.0,43.0,61.0,54.0,47.0,65.0,90.0,91.0,131.0,175.0,253.0,268.0,331.0,456.0,551.0,543.0,538.0,1267.0,1575.0,1755.0,1715.0,1733.0,1794.0,1099.0,925.0,928.0,1447.0,1846.0,1864.0,1972.0,1975.0,1907.0,1919.0,1996.0,1962.0,2141.0,2018.0,2052.0,2031.0,2047.0,2065.0,2029.0,2056.0,1998.0,1953.0,2172.0,2087.0,2169.0,2021.0,2119.0,2159.0,2211.0,2127.0,2307.0,2220.0,2165.0,2142.0,2239.0,2202.0,2111.0,1994.0,1898.0,1789.0,1571.0,1462.0,1483.0,1491.0,1404.0,1366.0,1368.0,1330.0,1355.0,1403.0,1427.0,1327.0,1271.0,1256.0,1225.0,1223.0,1227.0,1156.0,1122.0,1127.0,991.0
117,2024-01-04,1081.0,1001.0,1049.0,954.0,989.0,1019.0,976.0,1009.0,1000.0,967.0,1009.0,1021.0,808.0,271.0,388.0,300.0,55.0,376.0,853.0,651.0,893.0,1127.0,818.0,276.0,775.0,1084.0,1182.0,1407.0,1430.0,1548.0,1429.0,1780.0,1690.0,982.0,1200.0,1355.0,1591.0,1614.0,1068.0,1105.0,1110.0,1179.0,1182.0,1120.0,1216.0,1210.0,1238.0,1296.0,1235.0,1347.0,1184.0,1304.0,1302.0,1228.0,1265.0,1269.0,1372.0,1303.0,1305.0,1399.0,1386.0,1298.0,1335.0,1404.0,1337.0,1422.0,1388.0,1300.0,1373.0,1446.0,1370.0,1348.0,1150.0,1139.0,987.0,904.0,808.0,795.0,718.0,698.0,667.0,646.0,621.0,655.0,619.0,646.0,612.0,506.0,579.0,488.0,434.0,360.0,343.0,281.0,232.0,1008.0
117,2024-01-05,953.0,1068.0,1052.0,1105.0,1024.0,1052.0,994.0,993.0,1039.0,339.0,65.0,55.0,49.0,60.0,51.0,67.0,62.0,61.0,108.0,99.0,125.0,164.0,245.0,266.0,352.0,457.0,534.0,557.0,566.0,694.0,792.0,882.0,855.0,915.0,1073.0,1088.0,915.0,1031.0,1066.0,1102.0,1130.0,1196.0,1197.0,1288.0,1253.0,1219.0,1352.0,1211.0,1254.0,1313.0,1297.0,1248.0,1306.0,1236.0,1291.0,1238.0,1175.0,1320.0,1273.0,1306.0,1325.0,1370.0,1340.0,1371.0,1284.0,1385.0,1324.0,1258.0,1319.0,1389.0,1381.0,1220.0,1162.0,1113.0,989.0,884.0,809.0,835.0,736.0,691.0,728.0,642.0,625.0,699.0,684.0,671.0,699.0,625.0,646.0,520.0,902.0,1244.0,1274.0,775.0,333.0,248.0
118,2024-01-01,32.0,82.0,91.0,88.0,67.0,67.0,42.0,47.0,41.0,39.0,25.0,16.0,22.0,12.0,20.0,9.0,9.0,15.0,8.0,7.0,12.0,8.0,12.0,20.0,28.0,20.0,28.0,22.0,27.0,32.0,41.0,45.0,32.0,39.0,57.0,51.0,58.0,77.0,84.0,109.0,100.0,121.0,129.0,111.0,139.0,129.0,140.0,147.0,155.0,165.0,177.0,167.0,152.0,182.0,161.0,175.0,133.0,162.0,163.0,186.0,176.0,181.0,140.0,154.0,172.0,156.0,144.0,185.0,150.0,193.0,151.0,156.0,127.0,107.0,118.0,128.0,115.0,87.0,90.0,101.0,85.0,86.0,73.0,85.0,89.0,69.0,68.0,43.0,63.0,43.0,44.0,21.0,22.0,21.0,22.0,11.0
118,2024-01-02,11.0,11.0,9.0,7.0,8.0,6.0,6.0,9.0,4.0,3.0,1.0,4.0,1.0,0.0,0.0,5.0,9.0,8.0,9.0,18.0,10.0,21.0,30.0,39.0,45.0,62.0,78.0,79.0,77.0,110.0,111.0,115.0,114.0,121.0,115.0,136.0,141.0,147.0,167.0,151.0,191.0,191.0,183.0,179.0,211.0,220.0,220.0,219.0,235.0,236.0,238.0,213.0,214.0,208.0,223.0,252.0,249.0,233.0,206.0,241.0,218.0,212.0,237.0,231.0,231.0,204.0,177.0,150.0,180.0,199.0,209.0,148.0,142.0,106.0,105.0,98.0,87.0,86.0,82.0,79.0,69.0,71.0,68.0,57.0,76.0,54.0,56.0,51.0,51.0,42.0,28.0,30.0,41.0,17.0,20.0,16.0
118,2024-01-03,12.0,8.0,16.0,8.0,8.0,7.0,3.0,5.0,4.0,2.0,4.0,3.0,1.0,3.0,4.0,2.0,5.0,5.0,7.0,13.0,19.0,28.0,37.0,39.0,44.0,69.0,92.0,100.0,99.0,93.0,116.0,132.0,143.0,143.0,150.0,129.0,138.0,154.0,167.0,140.0,188.0,178.0,194.0,191.0,214.0,219.0,203.0,206.0,219.0,210.0,231.0,241.0,221.0,234.0,208.0,232.0,222.0,209.0,207.0,231.0,226.0,198.0,231.0,232.0,218.0,215.0,233.0,237.0,230.0,253.0,275.0,182.0,181.0,183.0,168.0,143.0,129.0,122.0,133.0,116.0,96.0,103.0,110.0,84.0,82.0,65.0,95.0,55.0,63.0,48.0,44.0,39.0,36.0,26.0,25.0,21.0
118,2024-01-04,15.0,15.0,7.0,6.0,8.0,7.0,3.0,4.0,4.0,6.0,6.0,3.0,2.0,6.0,4.0,7.0,12.0,11.0,9.0,16.0,5.0,26.0,31.0,44.0,47.0,59.0,89.0,105.0,91.0,112.0,137.0,124.0,137.0,134.0,153.0,191.0,159.0,193.0,199.0,183.0,183.0,201.0,204.0,200.0,217.0,211.0,239.0,206.0,240.0,243.0,237.0,254.0,210.0,231.0,221.0,200.0,226.0,225.0,243.0,218.0,245.0,241.0,240.0,247.0,236.0,243.0,246.0,252.0,267.0,276.0,250.0,205.0,217.0,212.0,151.0,142.0,148.0,133.0,126.0,137.0,132.0,116.0,119.0,96.0,98.0,92.0,82.0,67.0,70.0,47.0,46.0,41.0,33.0,25.0,26.0,26.0
118,2024-01-05,19.0,10.0,8.0,13.0,9.0,8.0,9.0,4.0,4.0,6.0,12.0,8.0,4.0,3.0,4.0,5.0,3.0,8.0,6.0,9.0,14.0,29.0,33.0,49.0,59.0,75.0,73.0,98.0,84.0,97.0,142.0,133.0,148.0,155.0,171.0,163.0,179.0,190.0,181.0,222.0,218.0,223.0,224.0,219.0,215.0,230.0,234.0,226.0,248.0,237.0,259.0,245.0,243.0,247.0,253.0,264.0,234.0,244.0,241.0,230.0,252.0,279.0,223.0,229.0,274.0,246.0,236.0,230.0,277.0,210.0,252.0,233.0,224.0,194.0,152.0,181.0,160.0,141.0,142.0,133.0,126.0,118.0,108.0,104.0,108.0,99.0,75.0,77.0,76.0,60.0,58.0,59.0,52.0,46.0,36.0,21.0
119,2024-01-01,69.0,161.0,224.0,223.0,204.0,169.0,197.0,162.0,145.0,104.0,116.0,99.0,78.0,84.0,61.0,69.0,48.0,44.0,47.0,41.0,52.0,59.0,41.0,75.0,63.0,59.0,100.0,87.0,76.0,85.0,106.0,107.0,88.0,99.0,142.0,148.0,120.0,157.0,165.0,187.0,199.0,231.0,246.0,265.0,258.0,271.0,286.0,306.0,346.0,276.0,357.0,350.0,359.0,285.0,336.0,346.0,333.0,343.0,349.0,338.0,326.0,342.0,348.0,380.0,318.0,327.0,325.0,325.0,285.0,304.0,282.0,305.0,274.0,283.0,241.0,232.0,254.0,217.0,204.0,213.0,207.0,199.0,201.0,220.0,208.0,214.0,211.0,191.0,176.0,166.0,104.0,137.0,118.0,94.0,76.0,57.0
119,2024-01-02,51.0,52.0,34.0,33.0,30.0,35.0,30.0,32.0,46.0,18.0,29.0,12.0,19.0,13.0,24.0,25.0,24.0,33.0,31.0,35.0,53.0,87.0,97.0,104.0,118.0,163.0,195.0,193.0,209.0,235.0,290.0,332.0,302.0,374.0,357.0,361.0,345.0,330.0,350.0,388.0,405.0,463.0,453.0,462.0,440.0,483.0,488.0,489.0,491.0,493.0,503.0,483.0,413.0,461.0,514.0,491.0,451.0,487.0,513.0,508.0,502.0,533.0,530.0,491.0,360.0,480.0,430.0,443.0,499.0,450.0,423.0,413.0,339.0,323.0,277.0,229.0,241.0,214.0,238.0,217.0,206.0,196.0,189.0,174.0,214.0,186.0,172.0,160.0,137.0,142.0,111.0,124.0,91.0,110.0,90.0,88.0
119,2024-01-03,56.0,56.0,44.0,37.0,21.0,25.0,39.0,21.0,34.0,20.0,36.0,12.0,19.0,18.0,24.0,28.0,23.0,29.0,41.0,39.0,56.0,82.0,99.0,115.0,143.0,163.0,224.0,236.0,202.0,264.0,321.0,342.0,321.0,391.0,429.0,395.0,375.0,405.0,389.0,405.0,394.0,423.0,435.0,436.0,456.0,482.0,497.0,466.0,455.0,448.0,487.0,494.0,502.0,458.0,505.0,459.0,495.0,518.0,479.0,515.0,498.0,495.0,534.0,512.0,540.0,534.0,529.0,503.0,514.0,506.0,497.0,443.0,423.0,409.0,392.0,331.0,329.0,280.0,306.0,273.0,252.0,253.0,252.0,242.0,238.0,232.0,191.0,182.0,195.0,133.0,164.0,159.0,122.0,110.0,99.0,75.0
119,2024-01-04,63.0,48.0,45.0,53.0,40.0,32.0,30.0,32.0,49.0,26.0,26.0,19.0,22.0,17.0,15.0,31.0,18.0,30.0,27.0,44.0,68.0,93.0,111.0,126.0,120.0,175.0,228.0,220.0,226.0,246.0,318.0,358.0,306.0,380.0,436.0,379.0,351.0,368.0,364.0,385.0,423.0,457.0,435.0,477.0,486.0,490.0,452.0,501.0,485.0,507.0,460.0,525.0,484.0,474.0,517.0,505.0,542.0,500.0,501.0,522.0,533.0,525.0,538.0,538.0,519.0,511.0,532.0,490.0,536.0,525.0,480.0,508.0,437.0,375.0,394.0,353.0,344.0,310.0,309.0,292.0,295.0,273.0,282.0,266.0,276.0,271.0,254.0,201.0,212.0,199.0,180.0,155.0,143.0,100.0,92.0,84.0
119,2024-01-05,77.0,71.0,70.0,52.0,48.0,44.0,24.0,36.0,49.0,30.0,26.0,26.0,13.0,31.0,24.0,25.0,23.0,25.0,28.0,35.0,64.0,66.0,91.0,124.0,147.0,187.0,197.0,236.0,242.0,251.0,279.0,328.0,328.0,380.0,416.0,397.0,361.0,413.0,361.0,459.0,456.0,448.0,483.0,477.0,491.0,523.0,490.0,499.0,496.0,470.0,523.0,468.0,486.0,493.0,497.0,479.0,480.0,540.0,560.0,510.0,517.0,490.0,556.0,494.0,469.0,520.0,514.0,532.0,511.0,495.0,532.0,480.0,452.0,415.0,388.0,360.0,338.0,349.0,302.0,304.0,295.0,285.0,262.0,281.0,281.0,274.0,308.0,246.0,252.0,231.0,210.0,165.0,146.0,154.0,119.0,108.0
120,2024-01-01,128.0,251.0,320.0,467.0,319.0,283.0,274.0,276.0,178.0,207.0,132.0,155.0,94.0,116.0,110.0,73.0,53.0,62.0,76.0,61.0,66.0,84.0,130.0,80.0,105.0,158.0,187.0,156.0,125.0,145.0,195.0,136.0,164.0,188.0,266.0,229.0,250.0,291.0,347.0,325.0,385.0,387.0,427.0,455.0,497.0,587.0,520.0,569.0,604.0,516.0,527.0,662.0,588.0,619.0,479.0,647.0,563.0,588.0,577.0,546.0,603.0,604.0,614.0,567.0,550.0,602.0,500.0,558.0,557.0,613.0,518.0,477.0,487.0,368.0,386.0,417.0,399.0,414.0,333.0,333.0,341.0,363.0,316.0,418.0,325.0,402.0,337.0,272.0,306.0,212.0,192.0,132.0,154.0,121.0,90.0,95.0
120,2024-01-02,57.0,37.0,41.0,41.0,22.0,22.0,26.0,18.0,20.0,22.0,17.0,12.0,17.0,12.0,20.0,12.0,13.0,14.0,20.0,42.0,35.0,59.0,120.0,123.0,157.0,193.0,197.0,275.0,269.0,338.0,380.0,399.0,376.0,415.0,440.0,457.0,390.0,416.0,372.0,441.0,393.0,428.0,440.0,513.0,439.0,491.0,487.0,530.0,554.0,561.0,501.0,496.0,491.0,530.0,526.0,509.0,469.0,497.0,498.0,556.0,547.0,594.0,544.0,549.0,548.0,577.0,526.0,506.0,637.0,591.0,393.0,522.0,461.0,398.0,376.0,329.0,278.0,225.0,225.0,179.0,217.0,174.0,207.0,238.0,197.0,197.0,180.0,153.0,189.0,120.0,114.0,116.0,76.0,86.0,61.0,63.0
120,2024-01-03,49.0,42.0,34.0,25.0,26.0,18.0,14.0,12.0,16.0,8.0,24.0,10.0,16.0,10.0,12.0,14.0,16.0,16.0,42.0,42.0,53.0,72.0,134.0,120.0,156.0,217.0,272.0,311.0,294.0,368.0,469.0,435.0,404.0,503.0,506.0,462.0,347.0,421.0,403.0,383.0,431.0,423.0,432.0,517.0,500.0,502.0,521.0,516.0,538.0,475.0,500.0,514.0,552.0,526.0,523.0,528.0,496.0,555.0,518.0,541.0,503.0,620.0,540.0,555.0,501.0,593.0,560.0,594.0,613.0,651.0,605.0,548.0,556.0,455.0,402.0,374.0,339.0,280.0,251.0,222.0,282.0,309.0,313.0,262.0,224.0,221.0,220.0,217.0,232.0,166.0,104.0,112.0,80.0,86.0,74.0,67.0
120,2024-01-04,94.0,71.0,68.0,39.0,40.0,40.0,30.0,43.0,45.0,17.0,36.0,30.0,34.0,13.0,28.0,28.0,37.0,27.0,67.0,62.0,68.0,154.0,221.0,219.0,325.0,366.0,441.0,487.0,513.0,592.0,646.0,792.0,704.0,714.0,828.0,765.0,704.0,778.0,656.0,771.0,726.0,742.0,694.0,726.0,844.0,828.0,803.0,852.0,917.0,792.0,771.0,932.0,750.0,801.0,853.0,829.0,700.0,817.0,820.0,833.0,921.0,939.0,865.0,879.0,827.0,932.0,903.0,958.0,1023.0,1027.0,881.0,887.0,841.0,694.0,660.0,622.0,544.0,519.0,439.0,493.0,434.0,393.0,448.0,444.0,473.0,388.0,423.0,389.0,420.0,316.0,241.0,226.0,198.0,197.0,125.0,102.0
120,2024-01-05,76.0,79.0,61.0,62.0,59.0,68.0,29.0,40.0,35.0,29.0,26.0,35.0,26.0,32.0,27.0,16.0,39.0,53.0,51.0,90.0,101.0,135.0,217.0,221.0,282.0,343.0,453.0,493.0,402.0,579.0,695.0,660.0,655.0,786.0,841.0,769.0,668.0,728.0,678.0,747.0,736.0,776.0,719.0,740.0,816.0,883.0,879.0,781.0,837.0,784.0,869.0,920.0,807.0,893.0,893.0,833.0,871.0,863.0,916.0,865.0,933.0,839.0,937.0,926.0,924.0,853.0,947.0,827.0,904.0,963.0,924.0,775.0,815.0,703.0,631.0,618.0,596.0,583.0,556.0,432.0,414.0,440.0,367.0,473.0,393.0,474.0,442.0,479.0,371.0,326.0,300.0,257.0,217.0,153.0,151.0,180.0
